<?xml version="1.0" encoding="UTF-8"?>
<simplicite xmlns:xsi="http://www.w3.org/2001/XMLSchema-instance" xmlns="http://www.simplicite.fr/base" xsi:schemaLocation="http://www.simplicite.fr/base https://www.simplicite.io/resources/schemas/base.xsd">
<object>
	<name>IcrB</name>
	<action>upsert</action>
	<data>
		<icrBFieldB1>public b1</icrBFieldB1>
		<icrAFieldA1>Data from Object B</icrAFieldA1>
		<icrBFieldB2>b2</icrBFieldB2>
		<icrAFieldA2>secret a2</icrAFieldA2>
		<icrBFieldB3/>
		<icrAFieldA3>secret</icrAFieldA3>
		<icrAFieldA4/>
	</data>
</object>
<object>
	<name>IcrC</name>
	<action>upsert</action>
	<data>
		<icrCFieldC1>public data C</icrCFieldC1>
		<icrAFieldA1>Data from object C</icrAFieldA1>
		<icrAFieldA2>secret ccc</icrAFieldA2>
		<icrAFieldA3>secret ccc2</icrAFieldA3>
		<icrAFieldA4>secret ccc3</icrAFieldA4>
	</data>
</object>
<object>
	<name>IcrD</name>
	<action>upsert</action>
	<data>
		<icrDFieldD1>d1</icrDFieldD1>
		<icrAFieldA1>Data from object D</icrAFieldA1>
		<icrDFieldD2>d2</icrDFieldD2>
		<icrAFieldA2>secret dddd2</icrAFieldA2>
		<icrAFieldA3>secret ddd3</icrAFieldA3>
		<icrAFieldA4>secret dddd4</icrAFieldA4>
	</data>
</object>
</simplicite>
